<?xml version="1.0" encoding="UTF-8"?>
<beans xmlns="http://www.springframework.org/schema/beans"
	xmlns:xsi="http://www.w3.org/2001/XMLSchema-instance"
	xmlns:aop="http://www.springframework.org/schema/aop"
	xmlns:tx="http://www.springframework.org/schema/tx"
	xmlns:context="http://www.springframework.org/schema/context"
	xmlns:mvc="http://www.springframework.org/schema/mvc"
	xsi:schemaLocation="http://www.springframework.org/schema/beans
		 http://www.springframework.org/schema/beans/spring-beans-3.0.xsd
		 http://www.springframework.org/schema/context
		http://www.springframework.org/schema/context/spring-context-3.0.xsd 
		 http://www.springframework.org/schema/tx 
		http://www.springframework.org/schema/tx/spring-tx-3.0.xsd
		 http://www.springframework.org/schema/aop 
		http://www.springframework.org/schema/aop/spring-aop-3.0.xsd
		http://www.springframework.org/schema/mvc
		http://www.springframework.org/schema/mvc/spring-mvc-3.0.xsd">

	<context:component-scan base-package="com" />
	<mvc:annotation-driven/>
	<mvc:interceptors>
	  <bean id="loginterceptor" class="com.cg.web.LoggerInterceptor"></bean>
	  <mvc:interceptor>
	     <mvc:mapping path="/emisubmit"/>
	     <bean id="emiinterceptor" class="com.cg.web.EmiInterceptor"></bean>
	  </mvc:interceptor>
	</mvc:interceptors>
	<bean id="viewResolver"
		class="org.springframework.web.servlet.view.InternalResourceViewResolver">
		<property name="prefix" value="/WEB-INF/" />
		<property name="suffix" value=".jsp" />
	</bean>
	
	<bean id="messageSource"
	 class="org.springframework.context.support.ResourceBundleMessageSource">
	    <property name="basename" value="cg"></property>
	</bean>
</beans>










